PK  ?YZ               xl/drawings/drawing1.xml앆]n? ??U?ZC^?0?n몡?￦~?6i{m?闔?t랍Db|#寃z댓]#?퀡(8귊`꺡F\먆n慧5?샹"?^㎠}뚀ZJV=:?腕??쫻:??vV藿???캡?盾??身???
???!?b??席?췘=P??????몃)?B?	8?醜?않?휭?O?툮z??^풏eFw?톒곆회8葡膚*??+l?嚬犬"?PK  bi?     PK  ?YZ               xl/worksheets/sheet1.xml??[?????R???껕c엽핱?8e??收V?u事jfZ#??靖鰍?慇l?7|??子巫戈馱竹惚璣?lo==_??湘g切?m딧읺艇?O웗녕춄葉芸惰霓/?v엖>?츪奢옻S改喊守9訓愎彩e1뻬熺G?J뤽p}糖麾쨩힊??w3;샿|}?>2쿂??'?잞?焄倬꺦=覆,???o?/?깫앛룢?B=埠	즵尹?_옘I&?塞??栗肩褪_륅^l펆?삡賦뉫嗇溺o
f?젊눜?)v?L셦렽읭봅YYz?3?y?{?M?{상??뤂?邑?
惠化判?蓚|極烘?河轟躇愈~?y7畵뷐섧쑪券,i商圄擄O>o?=?럊?흡?謀誘土捻屍藩卷3芻寓汚抗瞞?i흤揖戮墳曉?igo?荷벯㎩?/??o褪엤+vw?~7/??Y?俄챟=?u描?M?뵹梶?ouek;o???癎N?更S????h光탶Fi5Tj5T?みlΑ~?`흍?@꽕!@Q:zq^ h?F~\ 遣H娃묡젵蠅삂똏흈d?f$#L퐤<??o?쾻Gg#뤥??y쐌?풌Go#룍??y6?n?珉?#륇FWyL6?아dVK뎫m?d?胤/꾷忠&ZR?沮FZxs
QZA땪
|/,?G9Diim9#?_? 륷ZO개B?:9?쫫8てPw삭E?1;H0!?u얚l?恥뎿?`혭텱쨵qOYm륝펺쉱s꽄?x뫩	
?@굯펯뛱H僅Q膈늭훦^?굚6VH釐bv%B?떪oI꽡????컰쥄h!z?:Z熬????9됆$樊"T&??V溱?RiO늆@hA=??굨D撤혣엱?水꽔덗FE9 ?軍헩 쯳냮겑??z?P?b?O?쳰???弩M핆??턱
I*h救당^;뗭;?/당`裴뭠????죋볕r꾳뷢?8,??适깜픾돊'9혎쬲?꽞덐B-i뭪햮땰븮#\?M즧쬕<Hy0뻺?겉yb拮쥡H2x듙2?Q?Qn!m셨??\4$c쟞?훃N츈??DcyP?C
?鞏뺞?'?O?끾|>?뿘꺶갧壓07`?섃?꽡w뢳꾎,챑? 뭢0l?3G8c*腰 ??OQ?7 /*찪"쉶?"N쉏=0?? t놑?@뚎?pdu?똖?왭{?답?at?줄&??'?騁쬱CH딥?г^????걜????,싔? \eS=?i잏/'???o8#9?J薔J,GX픦N"?w햬뼔I?"*촤?Q??u?b)?A?Ø딈핃쿅F}?>?F뙉?o??琁*Ccv?<잢pP뤬4G쨡?h.?艙?Is?|?t>]??귾◆????q?냛?N"췀$:p?w??RY?'G?콿s갏v핬싷,??w郭科#?믖홾K?갌.!?n?? ???識?-/탻9혛??틨??^뛌?'J琮o
?뷱{?휢vR餓 ??	?쀾?i넎뵁U밟D?|zj!$mㅟ#(흁?4x닦Eo?M
,?>쮞 ?獰㎹U進?n|E냜???bE躍놣,혁줽#A???@|쮔?薺d꼗쐔쨹K?m?x埇B&???얨?8i??2웜횐퓂?쯎A헗,_ ?_?㎪쑀? ?odG릳3멵`쥠?X?y? "D巳;?p{뒻?.숰?丑!J[슱? ??D욈\^<섨q괛n Sy 綬?F訛팉쨊?싣?c??v$#/S$b?썴j4?넛붪?L u쯅對蔡? 펅>??#%g?켱?
KQ?N?
3??쒐*뜐헡兆? ?1??쿰{g?퐝L?퐳?푹T N艙??;l???걎7(쪳o풗A혮????0?"晝?K
4?????S뙭w乃淚n4?春昨쒀쁒?????햫?W?B\U?$孕빹2'xwh?_ImO갱柑3g  얻픭?BM쒉F
~+=늊?T罫룴B{鼇r즦걟?콓》냿w깴?녻?>4?눳묂 6V?1?뺟肖?윣&魅??=??<뒕l*e$붗p춯?YV?,Q?@/,쪪i6?BRvB놜 :?}D4퓜?귙?귒M팘?	U?T 9헥A?Q{녮Mq'??[Y
{宙?뼯??@LĦ+??
??苞g?T턴%@쑊,1c?+W??b??흃좓5?苦샨꼞?퉟F뼢3K_L쪛챪??LH9	h죿t擊l뭁wbxD뢾댾8롤K
bΖ ??#??훇?픻N?9닊??뙧s쇗???H%N힘y?	`罔.J떸쯝E~F?W콻!?c?Jg銶?R뱫	 섈?S4"籠k}柶T談폖뱧}?5껄쮴PRP뷶???⒫떞?k? i촯?
츤L폛?8' I?칾x工b㎬G?^??헭?홹??_)*-뵤㈖?V*뒆J졃a槽G簫?졀-
e?? U	%GFp69.bXLWq<?갠9;H(:꼥lJmd^끒3?쳋dYn#=*곷K椰=?K**?-?홛픅 괭&H?鷗6쁙얗WrV,e重?땼쇜ON쨸<w1?9#/g 1?U?1츣7?0??뙦ⓧ??읧?뙕Q\J6D쾿B??왂v	릺??냌V츀캁J?jR??L?Ja쵣=6?2/	?~#벗F?8??? 퍿?굔σ,?댌옯 ?4렠퀡?쐘??@t쉃\x*굼쩞?
D쁥쌔????$뎿w????SIz? q?7??췖횢?l?\?$?懊41팔位7jW88?N4?#쐳s@딏W:MU롆KE?s_ra???쫬6G쮭掃줓0???/Rq쾧맭HWnYs"뷵j퐔푹?칙붅噫H,}q<텻?興J,?퍁?v옝?콹o뷠?? ??<懸!*豪젣(?땳??*Δ좷"휡빅N5?t럮첳??甚p?Kh뒛?Y팉うnG?;펯?.?e?*둧?qnH뾥AU?Z 豈釣?헢?韆픺킀<|ew:A좷寢AiG??귣쥌$&~? 늈븉?RM츧홷aE?#O?@??4@"????굳蛟?%@쥞뷠V?驩rDx???뿐b6;?檳う`G懦B?W朧(,]??襪뗲a걈궚[q?픬?뫺D??#*?mt?e??+⊃?{:Qz?,D,???H蜜+i?쉻6존~@:컥u=?+뀹t??륪3긙?렮Y??걎:z?k蕭ㅳ>g겝콛W)?蒔쭇濚WH??&?$+뺋r畢5范쫔d?	헳<??쥡윮ocaJ뺞? ????$\)?I다E(eY"t厦L"뼊$?I^\㈖a|)?Q>!?至`/츛a뎟ぴ逝?n?"꼵?JDPυ늾+끁됅???R?????1?Ⅲ??뎣????考???W?府??4I걭??ㅥ:LC?녂)뿅f쫱?g噴Y칻쿻燧淪Y7q籠燧??q6M쑲???]쏮g?過돰???v뻗?坂ik櫛專曦??륙슺?PK 곩?)  찿  PK  ?YZ            #   xl/worksheets/_rels/sheet1.xml.rels띙K
??x?{볉뀍4?꼗?`H?l$鑄?뜟渲禳??53??9+▽0꽈踊肱q?Z뜵?a?M쉠N4c?q?d켘혱믝
?#w엓Nz?낥xTHl둨+짠??-!뉴?욦???N]
誣??折X&1?p시뭛D]돬딏PK ???   *  PK  ?YZ               xl/theme/theme1.xml?????蒐죽?팓쿆UZU沅?깐Α?6i{m|K줲#e_??3핋崗?꼱4gkh_X?喝5鐄sy걧쁾섉뙩??猖칍B2?+펵돁?!(3yA섨?홗My똁?mF멵Y3붳붆?옰?룫4 ?8f꽿뒆뒫?뮪0?뜃?)剡$?믎C봿?젙결??<앱R0]CK ??@?롼?W??>㎮?|?E1\?ケ?퉛?躪;x꺹j뭐?]~렴{쇰]/|톫???g?솬?홾g7삵쵁?꽗?턬賽nkt뎣衒ex딟팡₂솢??澯外ろ?|*H?끇??=^<n휋?퀠쌈*-12?g斧용#ð랹J?뮣BK9M첵2?vj?$jX/陸??仙?渴먣B-c?bQS?퉀?Nr琉쿽yx*邑? ,[삣7v뷓YYg砦??
S츸_/헫??1w_'쨋跨b9줮a??UQ 淅k??? S뻰?O?{ⅶ믗
?	o????0턠괖?읂隷?찟Q纘{?
?跏3帝??? k⑸L
쿍?Ci?'겕?7K햬?멦0吼?K%?쬂潘f(k뒝紘倖?例??섵	?쪤챣?궺I~T?I?迪??Q.쪩6?Snl?떭紐>?/<?좪귣럃^?\?9FZi?*4뼿퍇렜彗S定쐆 餐[入슸ÅW????뾶{C0?튈밤娘z??퀔?볈|c7寥Zd?艸?排끎 PK e즯a(  ?  PK  ?YZ               xl/sharedStrings.xmlm뮺J?놅?燐n-ED믲 ?? ??꺽螟鈺?zP짶k
흢X烏?R?뵝푵[z묔側想?蒼쌂邦7nH캬륽鼇\A죲곈??/?O먂퇒썛Rb?헠?0?,ΜB.午S똜?겷?쌦?＠釗?kG훘2?片Z?是?2a뇊
?흖P浙C?쟜C똔<磻v?Ylbn썋Kv&q??꽽???^듉/>譽5Q둞mX쨕X|)?갦푈E?왩\泉rVEa쏞?,?0凶(횟꿗?q둵붑?,腫?d3뫾?O??%Us?싙-旅&6긛侏{rH?i뭎?y 馮뉐눜 PK ?.?  ?  PK  ?YZ            
   xl/styles.xml킫????b읎N?뎛G摸?]d*u?ｐ? 쬿??3숰IF?6泰9 8만윍D/?at됹M?隆퀯??[_???뷚?堀岫?峀,?球G???;B鍮줻c??エ눺?,㎛
뱮$뾜?(*4NwS~M???g:풹F?귪S?rK([뫴)?r둑??楚R?ぢU??bf禿휊K???%?E챴i,꼇┙u씵'?U<5>XAeHEKR	mlH뭵싛	?6 8&~?)뤅C?`몶[]C뽵vK쳅&샶??쁩컏>??잔?뷬??克a?呵`??戎∇車-1?췈X?淘ふ?먶H?'삍찷??]"?嬋>뢺?(??D졉p??貿V了?뀖1\C/X8泯xoF-?듿컰₁먟?????=렕所랾肖T???뫥o ?潗?L몲%~4즖?쓏Gv??9U殆焉PK ?介?  ?  PK  ?YZ               xl/workbook.xml쓵??E퓼??쵷홀첇M?퍗3+~ 뢇휵wB )?u偃?뀐z?듀Q9쎋4NXV튣???+a??휠릑뒮趨檻賓cD?sV눺d쑃Я?뻅*?댜 럪 Qb
뚧?搢뛒뽡솦홶U??y2`?????G싮pFI呈U!뽏$2?:	싻?훑9FF葡쯞?떭?\z?臺隣m60벲?￣Yk?툸쀳??왹?鏞Hi쫙?j)?풒?홎?2D쨾錞?까?뚔t
f첧?걷
CK?2@?궣qg?Kl)斛챡Iag뫯M歡\2蕣\B?뵟DB?B鱇15?PK 炒-S  8  PK  ?YZ               xl/_rels/workbook.xml.rels춶Aj?EO?댶旒밨J돏M(d魃 濃2?!M勃?6?B^?퉁?뇜z?)w?쮭zl??쀻'쇀렉뙓a[?^그??1
??듡Rf?橘=?!
쉃쪿Fm렭E??숁P_d듊U먻?q#?;4Mgp?@OW*$?r쟍-뭳_y6쳜?^gX-?i稔
'댊푎?달??/xN1톙?,	??;D?솷T>┖?WPK ?핿?   ?  PK  ?YZ            
   _rels/.rels띙A??x놾?pa뙜?&l
졅C!@쬲ヂ牆R?뿎姮~━뾷b? +졜r`h溶隣? 
QZ-'?`? u?/8?nB?맛b?>Fw??g2rh壇#??Fo툜j??潰餠P}삱?|?`檣?쎓nPx"u읪?_?Ko0
X&????÷쳮<X? PK 쨚??   (  PK  ?YZ               [Content_Types].xml킪?????5n9 꽊痔?H?X?c?y弗參IZ$?곑^섬?3逾?씟?쇸+1)퐝@칯6~Y뎼툉?붆k걍c%?b>퍣.?⒯dO뷻r롽R뭞??줳???Z?jK?蜃쵺햓??1?b
k썘?엠?훖뛼潔$뱣??o????13:)瘢5&綾? Ｔ*숌?ｑ_‘뛄瞳qJI1!hj납?짾7???pL*wV~??)븵?5륯욜훾?/?쑻놬캿??D핀%律{떸꿾??
믨~펔???雀}넱:危?耉 PK m댋P5    PK   ?YZ bi?                      xl/drawings/drawing1.xmlPK   ?YZ곩?)  찿               K  xl/worksheets/sheet1.xmlPK   ?YZ???   *  #             ?  xl/worksheets/_rels/sheet1.xml.relsPK   ?YZe즯a(  ?               ?  xl/theme/theme1.xmlPK   ?YZ?.?  ?               '  xl/sharedStrings.xmlPK   ?YZ?介?  ?  
             ?  xl/styles.xmlPK   ?YZ炒-S  8               ?  xl/workbook.xmlPK   ?YZ?핿?   ?               p  xl/_rels/workbook.xml.relsPK   ?YZ쨚??   (  
             ?  _rels/.relsPK   ?YZm댋P5                 ?  [Content_Types].xmlPK    
 
 ?      